{
  "IcoMoonType": "selection",
  "icons": [
    {
      "icon": {
        "paths": [
          "M768 512.051c0 15.309-15.616 26.317-15.616 26.317l-438.323 271.514c-31.949 20.941-58.061 5.427-58.061-34.253v-527.206c0-39.782 26.112-55.194 58.112-34.304l438.323 271.616c-0.051 0 15.565 11.008 15.565 26.317z"
        ],
        "attrs": [],
        "isMulticolor": false,
        "isMulticolor2": false,
        "tags": [
          "controller-play"
        ],
        "grid": 20
      },
      "attrs": [],
      "properties": {
        "id": 55,
        "order": 13,
        "prevSize": 20,
        "name": "controller-play"
      },
      "setIdx": 0,
      "setId": 2,
      "iconIdx": 54
    }
  ],
  "height": 1024,
  "preferences": {
    "showGlyphs": true,
    "showQuickUse": true,
    "showQuickUse2": true,
    "showSVGs": true,
    "fontPref": {
      "prefix": "icon-",
      "metadata": {
        "fontFamily": "icomoon"
      },
      "metrics": {
        "emSize": 1024,
        "baseline": 6.25,
        "whitespace": 50
      },
      "embed": false
    },
    "imagePref": {
      "prefix": "icon-",
      "png": false,
      "useClassSelector": true,
      "color": 0,
      "bgColor": 16777215,
      "classSelector": ".icon",
      "name": "icomoon",
      "height": 32,
      "columns": 16,
      "margin": 16
    },
    "historySize": 50,
    "showCodes": true,
    "gridSize": 16
  }
}